property_id,roof_data_date,street,city,state,zip,full_address,visual_score,detection_types,detections,image_ref,all_sales,relevant_sale_date,relevant_sale_amount
131228,2019-01-02T12:13:04.842-08:00,7575 Gateway Blvd,Newark,CA,94560,"7575 Gateway Blvd, Newark, CA 94560",77.42220490722656,"{shape,debris,patching,wear,staining,pool,rust,damage,ponding,material,overhang}","{Flat,Moderate,None,No,Minor,""No Swimming Pool"",None,Undamaged,Moderate,PVC/TPO,None}",https://s3-us-west-2.amazonaws.com/prod-betterview/masked/static/131228/xLXsyxZNc.jpeg,[],null,null
131235,2019-01-02T14:03:38.243-08:00,643 7th St.,San Francisco,CA,94103,"643 7th St., San Francisco, CA 94103",16.0400390625,"{shape,overhang,material,ponding,damage,rust,pool,staining,wear,patching,debris}","{Flat,None,""Metal Panel"",Moderate,Undamaged,None,""No Swimming Pool"",Prevalent,Identified,None,None}",https://s3-us-west-2.amazonaws.com/prod-betterview/masked/static/131235/J3Z8z7kne.jpeg,[],null,null
131243,2019-01-03T06:01:22.880-08:00,1804 Rutherford Ln,Austin,TX,78752,"1804 Rutherford Ln, Austin, TX 78752",99.71570377673383,"{shape,overhang,material,material,ponding,damage,rust,pool,staining,wear,patching,debris}","{Flat,None,""Metal Panel"",PVC/TPO,None,Undamaged,None,""No Swimming Pool"",None,No,None,None}",https://s3-us-west-2.amazonaws.com/prod-betterview/masked/static/131243/yfHNrjynu.jpeg,"[{'salesearchdate': '2017-7-18', 'saleTransDate': '2017-7-18', 'amount': {'saleamt': 0, 'saledisclosuretype': 2, 'saledocnum': '0000115273', 'saletranstype': 'Stand Alone Finance'}, 'calculation': {'priceperbed': 0, 'pricepersizeunit': 0}}, {'salesearchdate': '2013-6-28', 'saleTransDate': '2013-6-28', 'amount': {'saleamt': 0, 'salerecdate': '2013-6-28', 'saledisclosuretype': 2, 'saledocnum': '0000120090', 'saletranstype': 'Resale'}, 'calculation': {'priceperbed': 0, 'pricepersizeunit': 0}}, {'salesearchdate': '2010-7-9', 'saleTransDate': '2010-7-9', 'amount': {'saleamt': 0, 'salerecdate': '2010-7-13', 'saledisclosuretype': 2, 'saledocnum': '0000100215', 'saletranstype': 'Resale'}, 'calculation': {'priceperbed': 0, 'pricepersizeunit': 0}}]",null,null
131244,2019-01-03T07:38:57.275-08:00,918 N Highland St,Gastonia,NC,28052,"918 N Highland St, Gastonia, NC 28052",92.86118294536405,"{shape,overhang,material,ponding,damage,rust,pool,staining,wear,patching,debris}","{Flat,None,EPDM,None,Undamaged,None,""No Swimming Pool"",None,No,None,Moderate}",https://s3-us-west-2.amazonaws.com/prod-betterview/masked/static/131244/2-7vvwZim.jpeg,"[{'salesearchdate': '2018-11-6', 'saleTransDate': '2018-11-6', 'amount': {'saleamt': 500000, 'salerecdate': '2018-11-9', 'saledisclosuretype': 0, 'saletranstype': 'Resale'}, 'calculation': {'priceperbed': 0, 'pricepersizeunit': 33}}, {'salesearchdate': '2009-4-6', 'saleTransDate': '2009-4-6', 'amount': {'saleamt': 407000, 'salerecdate': '2009-4-6', 'saledisclosuretype': 0, 'saletranstype': 'Resale'}, 'calculation': {'priceperbed': 0, 'pricepersizeunit': 27}}]",null,null
131245,2019-01-03T08:10:34.184-08:00,1732 Westheimer Rd,Houston,TX,77098,"1732 Westheimer Rd, Houston, TX 77098",44.189148793090865,"{patching,shape,overhang,material,material,ponding,damage,rust,pool,staining,wear,debris}","{None,Flat,Medium,""Metal Panel"",PVC/TPO,Moderate,Undamaged,None,""No Swimming Pool"",Prevalent,No,Moderate}",https://s3-us-west-2.amazonaws.com/prod-betterview/masked/static/131245/QC4oC1pTG.jpeg,[],null,null
131246,2019-01-03T08:18:27.770-08:00,11335 Charles Rd,Jersey Village,TX,77041,"11335 Charles Rd, Jersey Village, TX 77041",76.00382175969976,"{shape,overhang,material,ponding,damage,rust,pool,staining,wear,patching,debris}","{Gable,None,""Metal Panel"",None,Undamaged,None,""No Swimming Pool"",None,No,Moderate,None}",https://s3-us-west-2.amazonaws.com/prod-betterview/masked/static/131246/HLFDokbr5.jpeg,"[{'salesearchdate': '2013-8-28', 'saleTransDate': '2013-8-28', 'amount': {'saleamt': 0, 'saledisclosuretype': 2, 'saledocnum': '0000507316', 'saletranstype': 'Stand Alone Finance'}, 'calculation': {'priceperbed': 0, 'pricepersizeunit': 0}}, {'salesearchdate': '2013-8-28', 'saleTransDate': '2013-8-28', 'amount': {'saleamt': 0, 'saledisclosuretype': 2, 'saledocnum': '0000539630', 'saletranstype': 'Stand Alone Finance'}, 'calculation': {'priceperbed': 0, 'pricepersizeunit': 0}}, {'salesearchdate': '2011-8-10', 'saleTransDate': '2011-8-10', 'amount': {'saleamt': 0, 'salerecdate': '2011-9-6', 'saledisclosuretype': 2, 'saledocnum': '0000374436', 'saletranstype': 'Construction Loan/Financing'}, 'calculation': {'priceperbed': 0, 'pricepersizeunit': 0}}, {'salesearchdate': '2008-8-28', 'saleTransDate': '2008-8-28', 'amount': {'saleamt': 0, 'saledisclosuretype': 2, 'saledocnum': '0000499421', 'saletranstype': 'Stand Alone Finance'}, 'calculation': {'priceperbed': 0, 'pricepersizeunit': 0}}, {'salesearchdate': '2008-2-25', 'saleTransDate': '2008-2-25', 'amount': {'saleamt': 0, 'saledisclosuretype': 2, 'saledocnum': '0000122196', 'saletranstype': 'Stand Alone Finance'}, 'calculation': {'priceperbed': 0, 'pricepersizeunit': 0}}, {'amount': {'saleamt': 0, 'saledisclosuretype': 2, 'saledocnum': '000W988928', 'saletranstype': 'Stand Alone Finance'}, 'calculation': {'priceperbed': 0, 'pricepersizeunit': 0}}, {'amount': {'saleamt': 0, 'saledisclosuretype': 2, 'saledocnum': '000W988930', 'saletranstype': 'Stand Alone Finance'}, 'calculation': {'priceperbed': 0, 'pricepersizeunit': 0}}]",null,null
131247,2019-01-03T08:27:36.050-08:00,726 Connecticut Ave,Norwalk,CT,06854,"726 Connecticut Ave, Norwalk, CT 06854",65.41658451038086,"{staining,pool,rust,damage,ponding,material,overhang,shape,shape,patching,debris,wear}","{None,""No Swimming Pool"",None,Undamaged,None,""Asphalt Shingle"",Low,Hip,Flat,Moderate,Moderate,No}",https://s3-us-west-2.amazonaws.com/prod-betterview/masked/static/131247/VP1GmE1tJ.jpeg,"[{'salesearchdate': '1987-7-29', 'amount': {'saleamt': 0, 'salerecdate': '1987-7-29', 'saledisclosuretype': 0, 'saletranstype': 'Stand Alone Finance'}, 'calculation': {'priceperbed': 0, 'pricepersizeunit': 0}}, {'salesearchdate': '2012-3-5', 'amount': {'saleamt': 1, 'salerecdate': '2012-3-5', 'saledisclosuretype': 0, 'saledocnum': '7547-158', 'saletranstype': 'Resale'}, 'calculation': {'priceperbed': 0, 'pricepersizeunit': 0}}]",null,null
131248,2019-01-03T08:29:33.102-08:00,19210 I-10,San Antonio,TX,78257,"19210 I-10, San Antonio, TX 78257",96.23759797847491,"{shape,overhang,material,ponding,damage,rust,pool,staining,wear,patching,debris}","{Flat,None,PVC/TPO,None,Undamaged,None,""No Swimming Pool"",Minor,No,None,None}",https://s3-us-west-2.amazonaws.com/prod-betterview/masked/static/131248/2-cMgXi6C.jpeg,[],null,null
131249,2019-01-03T08:31:31.320-08:00,310 Ardmore Hwy,Fayetteville,TN,37334,"310 Ardmore Hwy, Fayetteville, TN 37334",99.71570377673383,"{ponding,damage,rust,pool,staining,wear,patching,debris,overhang,shape,material}","{None,Undamaged,None,""No Swimming Pool"",None,No,None,None,None,Gable,""Metal Panel""}",https://s3-us-west-2.amazonaws.com/prod-betterview/masked/static/131249/nQEVDZjSj.jpeg,"[{'salesearchdate': '2017-5-30', 'saleTransDate': '2017-5-30', 'amount': {'saleamt': 47100, 'salerecdate': '2017-6-2', 'saledisclosuretype': 0, 'saledocnum': '0000002244', 'saletranstype': 'Resale'}, 'calculation': {'priceperbed': 0, 'pricepersizeunit': 31}}, {'salesearchdate': '2014-7-31', 'saleTransDate': '2014-7-31', 'amount': {'saleamt': 45000, 'salerecdate': '2014-7-31', 'saledisclosuretype': 0, 'saledocnum': '0000003127', 'saletranstype': 'REO (Transfer to Lender)'}, 'calculation': {'priceperbed': 0, 'pricepersizeunit': 30}}, {'salesearchdate': '2010-7-23', 'saleTransDate': '2010-7-23', 'amount': {'saleamt': 43500, 'salerecdate': '2010-7-29', 'saledisclosuretype': 0, 'saledocnum': '0000003083', 'saletranstype': 'Resale'}, 'calculation': {'priceperbed': 0, 'pricepersizeunit': 29}}, {'salesearchdate': '2010-3-10', 'saleTransDate': '2010-3-10', 'amount': {'saleamt': 41444, 'salerecdate': '2010-3-15', 'saledisclosuretype': 0, 'saledocnum': '0000001032', 'saletranstype': 'REO (Transfer to Lender)'}, 'calculation': {'priceperbed': 0, 'pricepersizeunit': 28}}, {'salesearchdate': '2006-12-15', 'saleTransDate': '2006-12-15', 'amount': {'saleamt': 76000, 'salerecdate': '2006-12-21', 'saledisclosuretype': 0, 'saledocnum': '0000007337', 'saletranstype': 'Resale'}, 'calculation': {'priceperbed': 0, 'pricepersizeunit': 51}}]",null,null
131250,2019-01-03T08:35:09.138-08:00,305 N Grove St,Blue Earth,MN,56013,"305 N Grove St, Blue Earth, MN 56013",76.00382175969976,"{shape,overhang,material,ponding,damage,rust,pool,staining,wear,patching,debris}","{Flat,None,""Rolled Asphalt"",None,Undamaged,None,""No Swimming Pool"",None,Probable,None,None}",https://s3-us-west-2.amazonaws.com/prod-betterview/masked/static/131250/D2AUe9f_4.jpeg,[],null,null
131251,2019-01-03T08:40:26.026-08:00,10333 Huebner Rd,San Antonio,TX,78240,"10333 Huebner Rd, San Antonio, TX 78240",86.40389733548409,"{shape,overhang,material,ponding,damage,rust,pool,staining,wear,patching,debris}","{Gable,Low,""Metal Panel"",None,Undamaged,None,""No Swimming Pool"",None,No,None,Moderate}",https://s3-us-west-2.amazonaws.com/prod-betterview/masked/static/131251/AjslNLOIA.jpeg,"[{'salesearchdate': '2013-4-8', 'saleTransDate': '2013-4-8', 'amount': {'saleamt': 0, 'saledisclosuretype': 2, 'saledocnum': '0000091726', 'saletranstype': 'Stand Alone Finance'}, 'calculation': {'priceperbed': 0, 'pricepersizeunit': 0}}, {'salesearchdate': '2013-3-28', 'saleTransDate': '2013-3-28', 'amount': {'saleamt': 0, 'saledisclosuretype': 2, 'saledocnum': '0000061247', 'saletranstype': 'Stand Alone Finance'}, 'calculation': {'priceperbed': 0, 'pricepersizeunit': 0}}, {'salesearchdate': '2012-10-3', 'saleTransDate': '2012-10-3', 'amount': {'saleamt': 0, 'saledisclosuretype': 2, 'saledocnum': '0000196026', 'saletranstype': 'Stand Alone Finance'}, 'calculation': {'priceperbed': 0, 'pricepersizeunit': 0}}, {'salesearchdate': '2012-10-3', 'saleTransDate': '2012-10-3', 'amount': {'saleamt': 0, 'saledisclosuretype': 2, 'saledocnum': '0000199736', 'saletranstype': 'Stand Alone Finance'}, 'calculation': {'priceperbed': 0, 'pricepersizeunit': 0}}, {'salesearchdate': '2012-8-24', 'saleTransDate': '2012-8-24', 'amount': {'saleamt': 0, 'saledisclosuretype': 2, 'saledocnum': '0000185620', 'saletranstype': 'Stand Alone Finance'}, 'calculation': {'priceperbed': 0, 'pricepersizeunit': 0}}]",null,null
131252,2019-01-03T09:26:55.225-08:00,905 Wheeler Way,Langhorne,PA,19047,"905 Wheeler Way, Langhorne, PA 19047",39.89544406767593,"{shape,overhang,material,ponding,damage,rust,pool,staining,wear,patching,debris}","{Flat,None,PVC/TPO,Moderate,Undamaged,None,""No Swimming Pool"",Prevalent,Probable,Moderate,None}",https://s3-us-west-2.amazonaws.com/prod-betterview/masked/static/131252/A5JZQv4Ps.jpeg,"[{'salesearchdate': '2016-5-12', 'saleTransDate': '2016-5-12', 'amount': {'saleamt': 0, 'salerecdate': '2016-5-26', 'saledisclosuretype': 0, 'saledocnum': '0000029749', 'saletranstype': 'Nominal - Non/Arms Length Sale'}, 'calculation': {'priceperbed': 0, 'pricepersizeunit': 0}}]",null,null
131253,2019-01-03T09:28:58.575-08:00,10 Steel Rd E,Morrisville,PA,19067,"10 Steel Rd E, Morrisville, PA 19067",89.58406610011673,"{staining,material,ponding,damage,rust,pool,wear,patching,debris,overhang,shape}","{Minor,""Metal Panel"",None,Undamaged,None,""No Swimming Pool"",No,None,Moderate,None,Flat}",https://s3-us-west-2.amazonaws.com/prod-betterview/masked/static/131253/BQpCQGhdk.jpeg,"[{'salesearchdate': '2016-5-12', 'saleTransDate': '2016-5-12', 'amount': {'saleamt': 0, 'salerecdate': '2016-5-26', 'saledisclosuretype': 0, 'saledocnum': '0000029750', 'saletranstype': 'Nominal - Non/Arms Length Sale'}, 'calculation': {'priceperbed': 0, 'pricepersizeunit': 0}}]",null,null
131255,2019-01-03T09:32:12.882-08:00,3259 Easton Ave,Bethlehem,PA,18020,"3259 Easton Ave, Bethlehem, PA 18020",73.23195019750001,"{debris,staining,pool,rust,damage,ponding,material,overhang,shape,wear,patching}","{None,Minor,""No Swimming Pool"",None,Undamaged,None,""Asphalt Shingle"",None,Gable,No,Moderate}",https://s3-us-west-2.amazonaws.com/prod-betterview/masked/static/131255/4U1zp06V-.jpeg,"[{'salesearchdate': '2018-4-3', 'saleTransDate': '2018-4-3', 'amount': {'saleamt': 0, 'saledisclosuretype': 0, 'saledocnum': '0000009125', 'saletranstype': 'Stand Alone Finance'}, 'calculation': {'priceperbed': 0, 'pricepersizeunit': 0}}, {'salesearchdate': '2011-5-4', 'saleTransDate': '2011-5-4', 'amount': {'saleamt': 0, 'saledisclosuretype': 0, 'saledocnum': '0000014255', 'saletranstype': 'Stand Alone Finance'}, 'calculation': {'priceperbed': 0, 'pricepersizeunit': 0}}, {'salesearchdate': '2011-5-4', 'saleTransDate': '2011-5-4', 'amount': {'saleamt': 0, 'saledisclosuretype': 0, 'saledocnum': '0000014612', 'saletranstype': 'Stand Alone Finance'}, 'calculation': {'priceperbed': 0, 'pricepersizeunit': 0}}, {'salesearchdate': '2008-11-25', 'saleTransDate': '2008-11-25', 'amount': {'saleamt': 0, 'saledisclosuretype': 0, 'saledocnum': '0000046259', 'saletranstype': 'Stand Alone Finance'}, 'calculation': {'priceperbed': 0, 'pricepersizeunit': 0}}]",null,null
131254,2019-01-03T09:43:07.539-08:00,1410 Grape St,Fullerton,PA,18052,"1410 Grape St, Fullerton, PA 18052",96.23759797847491,"{wear,staining,shape,shape,pool,rust,damage,ponding,material,material,overhang,debris,patching}","{No,Minor,Flat,Conical,""No Swimming Pool"",None,Undamaged,None,PVC/TPO,""Asphalt Shingle"",None,None,None}",https://s3-us-west-2.amazonaws.com/prod-betterview/masked/static/131254/-Q17ApZZB.jpeg,[],null,null
131257,2019-01-03T09:44:32.547-08:00,10 Industrial Way,Denver,PA,17517,"10 Industrial Way, Denver, PA 17517",49.84332744690853,"{shape,overhang,material,ponding,damage,rust,pool,staining,wear,patching,debris}","{Gable,None,""Metal Panel"",None,Undamaged,Moderate,""No Swimming Pool"",Minor,No,Moderate,None}",https://s3-us-west-2.amazonaws.com/prod-betterview/masked/static/131257/4OYawRWHo.jpeg,"[{'salesearchdate': '2016-5-5', 'saleTransDate': '2016-5-5', 'amount': {'saleamt': 0, 'saledisclosuretype': 0, 'saledocnum': '0006264217', 'saletranstype': 'Stand Alone Finance'}, 'calculation': {'priceperbed': 0, 'pricepersizeunit': 0}}, {'salesearchdate': '2016-5-5', 'saleTransDate': '2016-5-5', 'amount': {'saleamt': 0, 'saledisclosuretype': 0, 'saledocnum': '0006264218', 'saletranstype': 'Stand Alone Finance'}, 'calculation': {'priceperbed': 0, 'pricepersizeunit': 0}}, {'salesearchdate': '2016-5-5', 'saleTransDate': '2016-5-5', 'amount': {'saleamt': 0, 'saledisclosuretype': 0, 'saledocnum': '0006264221', 'saletranstype': 'Stand Alone Finance'}, 'calculation': {'priceperbed': 0, 'pricepersizeunit': 0}}, {'salesearchdate': '2015-9-1', 'saleTransDate': '2015-9-1', 'amount': {'saleamt': 3000000, 'salerecdate': '2015-9-2', 'saledisclosuretype': 0, 'saledocnum': '0006223633', 'saletranstype': 'Resale'}, 'calculation': {'priceperbed': 0, 'pricepersizeunit': 45}}, {'salesearchdate': '2014-2-28', 'saleTransDate': '2014-2-28', 'amount': {'saleamt': 3500000, 'salerecdate': '2014-3-3', 'saledisclosuretype': 0, 'saledocnum': '0006132270', 'saletranstype': 'Resale'}, 'calculation': {'priceperbed': 0, 'pricepersizeunit': 52}}, {'salesearchdate': '2013-8-22', 'saleTransDate': '2013-8-22', 'amount': {'saleamt': 0, 'saledisclosuretype': 0, 'saledocnum': '0006100290', 'saletranstype': 'Stand Alone Finance'}, 'calculation': {'priceperbed': 0, 'pricepersizeunit': 0}}, {'salesearchdate': '2013-8-22', 'saleTransDate': '2013-8-22', 'amount': {'saleamt': 0, 'saledisclosuretype': 0, 'saledocnum': '0006100291', 'saletranstype': 'Stand Alone Finance'}, 'calculation': {'priceperbed': 0, 'pricepersizeunit': 0}}, {'salesearchdate': '2013-8-22', 'saleTransDate': '2013-8-22', 'amount': {'saleamt': 0, 'saledisclosuretype': 0, 'saledocnum': '0006100292', 'saletranstype': 'Stand Alone Finance'}, 'calculation': {'priceperbed': 0, 'pricepersizeunit': 0}}, {'salesearchdate': '2013-8-22', 'saleTransDate': '2013-8-22', 'amount': {'saleamt': 0, 'saledisclosuretype': 0, 'saledocnum': '0006100293', 'saletranstype': 'Stand Alone Finance'}, 'calculation': {'priceperbed': 0, 'pricepersizeunit': 0}}, {'salesearchdate': '2012-1-31', 'saleTransDate': '2012-1-31', 'amount': {'saleamt': 0, 'saledisclosuretype': 0, 'saledocnum': '0005981335', 'saletranstype': 'Stand Alone Finance'}, 'calculation': {'priceperbed': 0, 'pricepersizeunit': 0}}, {'salesearchdate': '2012-1-31', 'saleTransDate': '2012-1-31', 'amount': {'saleamt': 0, 'saledisclosuretype': 0, 'saledocnum': '0005981336', 'saletranstype': 'Stand Alone Finance'}, 'calculation': {'priceperbed': 0, 'pricepersizeunit': 0}}, {'salesearchdate': '2006-5-24', 'saleTransDate': '2006-5-24', 'amount': {'saleamt': 0, 'saledisclosuretype': 0, 'saledocnum': '0005528631', 'saletranstype': 'Stand Alone Finance'}, 'calculation': {'priceperbed': 0, 'pricepersizeunit': 0}}, {'amount': {'saleamt': 0, 'saledisclosuretype': 0, 'saledocnum': '0005233419', 'saletranstype': 'Stand Alone Finance'}, 'calculation': {'priceperbed': 0, 'pricepersizeunit': 0}}]",null,null
131256,2019-01-03T09:52:02.978-08:00,3305 W 2nd St,Trainer,PA,19061,"3305 W 2nd St, Trainer, PA 19061",83.31836850866793,"{patching,shape,overhang,material,material,material,ponding,damage,rust,pool,staining,wear,debris}","{None,Flat,None,Ballasted,EPDM,""Roof Coating"",Moderate,Undamaged,None,""No Swimming Pool"",Minor,No,None}",https://s3-us-west-2.amazonaws.com/prod-betterview/masked/static/131256/ZE19r7M7X.jpeg,"[{'salesearchdate': '2006-7-21', 'saleTransDate': '2006-7-21', 'amount': {'saleamt': 0, 'saledisclosuretype': 0, 'saledocnum': '0038760803', 'saletranstype': 'Stand Alone Finance'}, 'calculation': {'priceperbed': 0, 'pricepersizeunit': 0}}]",null,null
131258,2019-01-03T09:52:11.869-08:00,2316 Norman Rd,Lancaster,PA,17601,"2316 Norman Rd, Lancaster, PA 17601",96.23759797847491,"{patching,wear,staining,pool,rust,damage,ponding,material,overhang,shape,debris}","{None,No,Minor,""No Swimming Pool"",None,Undamaged,None,""Metal Panel"",None,Gable,None}",https://s3-us-west-2.amazonaws.com/prod-betterview/masked/static/131258/KFaqgZycE.jpeg,[],null,null
131260,2019-01-03T10:29:43.454-08:00,4801 Line Ave,Shreveport,LA,71106,"4801 Line Ave, Shreveport, LA 71106",36.716117409906175,"{shape,overhang,material,material,ponding,damage,rust,pool,staining,wear,patching,debris}","{Flat,None,""Modified Bitumen"",PVC/TPO,Moderate,Undamaged,None,""No Swimming Pool"",Prevalent,Probable,Moderate,Moderate}",https://s3-us-west-2.amazonaws.com/prod-betterview/masked/static/131260/totOMJUvV.jpeg,[],null,null
131108,2019-01-03T12:57:12.254-08:00,520 S. 2nd St.,Princenton,TX,75407,"520 S. 2nd St., Princenton, TX 75407",73.23195019750001,"{ponding,material,debris,shape,overhang,patching,wear,staining,pool,rust,damage}","{None,""Asphalt Shingle"",None,Hip,None,Moderate,No,Minor,""No Swimming Pool"",None,Undamaged}",https://s3-us-west-2.amazonaws.com/prod-betterview/masked/static/131108/K0AWbj17H.jpeg,[],null,null
131113,2019-01-03T12:59:46.859-08:00,3280 Cedar Plaza Lane,Dallas,TX,75235,"3280 Cedar Plaza Lane, Dallas, TX 75235",99.71570377673383,"{shape,debris,patching,wear,staining,pool,rust,damage,ponding,material,overhang}","{""Partial Hip"",None,None,No,None,""Swimming Pool"",None,Undamaged,None,""Asphalt Shingle"",None}",https://s3-us-west-2.amazonaws.com/prod-betterview/masked/static/131113/ZAFR_mNfv.jpeg,[],null,null
131129,2019-01-03T13:07:51.546-08:00,1705 NE Green Oaks,Arlington,TX,76006,"1705 NE Green Oaks, Arlington, TX 76006",92.86118294536405,"{ponding,debris,patching,wear,staining,pool,rust,damage,material,overhang,shape}","{None,None,None,No,None,""Swimming Pool"",None,Undamaged,""Asphalt Shingle"",Low,Gable}",https://s3-us-west-2.amazonaws.com/prod-betterview/masked/static/131129/WU-UnM3C0.jpeg,[],null,null
131146,2019-01-03T13:14:23.327-08:00,1357 12th Ave NE,Norman,OK,73071,"1357 12th Ave NE, Norman, OK 73071",31.6601929728,"{overhang,shape,debris,patching,wear,staining,pool,rust,damage,ponding,material,material,material}","{Low,Flat,None,Moderate,No,Minor,""Swimming Pool"",None,Undamaged,Major,""Roof Coating"",PVC/TPO,""Modified Bitumen""}",https://s3-us-west-2.amazonaws.com/prod-betterview/masked/static/131146/B9RkR8GM3.jpeg,[],null,null
131150,2019-01-03T13:18:39.702-08:00,7920 Collin David South Dr.,McKinney,TX,75070,"7920 Collin David South Dr., McKinney, TX 75070",86.40389733548409,"{ponding,damage,rust,pool,staining,wear,debris,shape,patching,overhang,material}","{Moderate,Undamaged,None,""Swimming Pool"",None,No,None,""Partial Hip"",None,None,""Asphalt Shingle""}",https://s3-us-west-2.amazonaws.com/prod-betterview/masked/static/131150/Jy0FzF5-j.jpeg,[],null,null
131164,2019-01-03T13:29:11.219-08:00,3900 Riverwalk Drive - Management Office Buildings 2 3 and 7,Flower Mound,TX,75028,"3900 Riverwalk Drive - Management Office Buildings 2 3 and 7, Flower Mound, TX 75028",86.40389733548409,"{shape,shape,overhang,material,material,material,ponding,damage,rust,pool,staining,wear,patching,debris}","{Flat,""Partial Hip"",None,""Asphalt Shingle"",""Metal Panel"",PVC/TPO,Moderate,Undamaged,None,""Swimming Pool"",None,No,None,None}",https://s3-us-west-2.amazonaws.com/prod-betterview/masked/static/131164/riqQpy3zc.jpeg,[],null,null
131180,2019-01-03T13:30:24.442-08:00,8400-1 - 8400-4 NE 36th St.,Spencer,OK,73084,"8400-1 - 8400-4 NE 36th St., Spencer, OK 73084",99.71570377673383,"{shape,overhang,material,ponding,damage,rust,pool,staining,wear,patching,debris}","{""Partial Hip"",None,""Asphalt Shingle"",None,Undamaged,None,""No Swimming Pool"",None,No,None,None}",https://s3-us-west-2.amazonaws.com/prod-betterview/masked/static/131180/seXKQU6Cf.jpeg,[],null,null
131281,2019-01-04T05:23:33.601-08:00,70 STAR STREET,JACKSON,OH,45640,"70 STAR STREET, JACKSON, OH 45640",73.23195019750001,"{material,shape,material,ponding,damage,rust,pool,staining,wear,patching,debris,overhang}","{""Asphalt Shingle"",Gable,""Metal Panel"",None,Undamaged,None,""No Swimming Pool"",Minor,No,Moderate,None,None}",https://s3-us-west-2.amazonaws.com/prod-betterview/masked/static/131281/tM_9Agpr8.jpeg,[],null,null
131275,2019-01-04T05:23:34.814-08:00,18057 OAK RIDGE DR,HAGERSTOWN,MD,21741,"18057 OAK RIDGE DR, HAGERSTOWN, MD 21741",99.71570377673383,"{debris,shape,overhang,material,ponding,damage,rust,pool,staining,wear,patching}","{None,Gable,None,""Metal Panel"",None,Undamaged,None,""No Swimming Pool"",None,No,None}",https://s3-us-west-2.amazonaws.com/prod-betterview/masked/static/131275/aYz1ewA8r.jpeg,"[{'salesearchdate': '2005-12-22', 'saleTransDate': '2005-12-22', 'amount': {'saleamt': 0, 'saledisclosuretype': 0, 'saledocnum': '0028890441', 'saletranstype': 'Stand Alone Finance'}, 'calculation': {'priceperbed': 0, 'pricepersizeunit': 0}}]",null,null
131282,2019-01-04T05:23:34.952-08:00,450 N MAIN STREET,SHREWSBURY,PA,17361,"450 N MAIN STREET, SHREWSBURY, PA 17361",76.00382175969976,"{shape,shape,overhang,material,material,material,ponding,damage,rust,pool,staining,wear,shape,patching,debris}","{Gable,""Partial Hip"",None,""Asphalt Shingle"",Built-Up,""Metal Panel"",None,Undamaged,None,""No Swimming Pool"",None,No,Flat,Moderate,None}",https://s3-us-west-2.amazonaws.com/prod-betterview/masked/static/131282/c0mT3CkE8.jpeg,"[{'salesearchdate': '2010-9-24', 'saleTransDate': '2010-9-24', 'amount': {'saleamt': 0, 'salerecdate': '2010-10-8', 'saledisclosuretype': 0, 'saledocnum': '0000048990', 'saletranstype': 'Nominal - Non/Arms Length Sale'}, 'calculation': {'priceperbed': 0, 'pricepersizeunit': 0}}]",null,null
131284,2019-01-04T05:23:35.065-08:00,813-815 N PENN AVE,INDEPENDENCE,KS,67301,"813-815 N PENN AVE, INDEPENDENCE, KS 67301",96.23759797847491,"{debris,patching,wear,staining,pool,rust,damage,ponding,material,overhang,shape}","{None,None,No,Minor,""No Swimming Pool"",None,Undamaged,None,""Asphalt Shingle"",None,Gable}",https://s3-us-west-2.amazonaws.com/prod-betterview/masked/static/131284/7mtUvcUe6.jpeg,[],null,null
131283,2019-01-04T05:23:35.148-08:00,607 N SECOND ST,BOONEVILLE,MS,38829,"607 N SECOND ST, BOONEVILLE, MS 38829",99.71570377673383,"{debris,patching,wear,staining,pool,rust,damage,ponding,material,overhang,shape,shape}","{None,None,No,None,""No Swimming Pool"",None,Undamaged,None,""Metal Panel"",None,Hip,Flat}",https://s3-us-west-2.amazonaws.com/prod-betterview/masked/static/131283/bGoKFltap.jpeg,[],null,null
131273,2019-01-04T05:23:35.218-08:00,257-259 E HIGH ST,POTTSTOWN,PA,19464,"257-259 E HIGH ST, POTTSTOWN, PA 19464",99.71570377673383,"{shape,overhang,material,ponding,damage,rust,pool,staining,wear,patching,debris}","{Flat,None,""Rolled Asphalt"",None,Undamaged,None,""No Swimming Pool"",None,No,None,None}",https://s3-us-west-2.amazonaws.com/prod-betterview/masked/static/131273/0WLXAGM1S.jpeg,[],null,null
131274,2019-01-04T05:23:35.395-08:00,142 W WATER ST,GREENVILLE,OH,45331,"142 W WATER ST, GREENVILLE, OH 45331",99.71570377673383,"{shape,overhang,material,ponding,damage,rust,pool,staining,wear,patching,debris}","{Gable,None,""Metal Panel"",None,Undamaged,None,""No Swimming Pool"",None,No,None,None}",https://s3-us-west-2.amazonaws.com/prod-betterview/masked/static/131274/MG7sL1Ne8.jpeg,"[{'salesearchdate': '2010-8-17', 'saleTransDate': '2010-8-17', 'amount': {'saleamt': 0, 'salerecdate': '2010-8-17', 'saledisclosuretype': 0, 'saletranstype': 'Resale'}, 'calculation': {'priceperbed': 0, 'pricepersizeunit': 0}}]",null,null
131272,2019-01-04T05:23:35.789-08:00,2515 WEST PROSPECT ROAD,ASHTABULA,OH,44004,"2515 WEST PROSPECT ROAD, ASHTABULA, OH 44004",73.23195019750001,"{damage,material,overhang,shape,patching,debris,wear,staining,pool,rust,ponding}","{Undamaged,""Modified Bitumen"",None,Flat,None,None,Probable,Minor,""No Swimming Pool"",None,None}",https://s3-us-west-2.amazonaws.com/prod-betterview/masked/static/131272/nN6bx3DQj.jpeg,"[{'salesearchdate': '2008-10-30', 'saleTransDate': '2008-10-30', 'amount': {'saleamt': 0, 'salerecdate': '2008-11-13', 'saledisclosuretype': 0, 'saledocnum': '0000012809', 'saletranstype': 'Nominal - Non/Arms Length Sale'}, 'calculation': {'priceperbed': 0, 'pricepersizeunit': 0}}]",null,null
131269,2019-01-04T05:23:36.481-08:00,1460 CLARA AVE,COLUMBUS,OH,43211,"1460 CLARA AVE, COLUMBUS, OH 43211",62.97138683687675,"{ponding,debris,patching,wear,staining,pool,rust,damage,material,material,overhang,shape}","{Moderate,None,Moderate,No,Minor,""No Swimming Pool"",None,Undamaged,""Roof Coating"",""Modified Bitumen"",None,Flat}",https://s3-us-west-2.amazonaws.com/prod-betterview/masked/static/131269/qjWs0oSGE.jpeg,[],null,null
131292,2019-01-04T05:23:36.538-08:00,2367 JACKSONBURG RD,HAMILTON,OH,45011,"2367 JACKSONBURG RD, HAMILTON, OH 45011",99.71570377673383,"{overhang,material,ponding,damage,rust,pool,staining,wear,patching,debris,shape}","{None,""Asphalt Shingle"",None,Undamaged,None,""No Swimming Pool"",None,No,None,None,Gable}",https://s3-us-west-2.amazonaws.com/prod-betterview/masked/static/131292/FKpdJ8SKk.jpeg,"[{'salesearchdate': '2004-1-22', 'saleTransDate': '2004-1-22', 'amount': {'saleamt': 0, 'saledisclosuretype': 0, 'saledocnum': '0000005243', 'saletranstype': 'Stand Alone Finance'}, 'calculation': {'priceperbed': 0, 'pricepersizeunit': 0}}]",null,null
131279,2019-01-04T05:23:37.105-08:00,2208 AIRPORT RD,HOT SPRINGS,AR,71913,"2208 AIRPORT RD, HOT SPRINGS, AR 71913",28.415907641601567,"{overhang,shape,shape,debris,patching,wear,staining,pool,rust,damage,ponding,material,material}","{Low,Flat,Gable,None,Moderate,Probable,Minor,""No Swimming Pool"",Moderate,Undamaged,Moderate,""Metal Panel"",""Asphalt Shingle""}",https://s3-us-west-2.amazonaws.com/prod-betterview/masked/static/131279/q3LK-fI5m.jpeg,[],null,null
131286,2019-01-04T05:23:37.504-08:00,1701 VETERANS PARKWAY,BLOOMINGTON,IL,61701,"1701 VETERANS PARKWAY, BLOOMINGTON, IL 61701",83.31836850866793,"{patching,shape,overhang,material,ponding,damage,rust,pool,staining,wear,debris}","{None,Flat,None,PVC/TPO,Moderate,Undamaged,None,""No Swimming Pool"",Minor,No,None}",https://s3-us-west-2.amazonaws.com/prod-betterview/masked/static/131286/xGcJCswfk.jpeg,[],null,null
131291,2019-01-04T05:23:37.729-08:00,1535 WEST US HIGHWAY 36,URBANA,OH,43078,"1535 WEST US HIGHWAY 36, URBANA, OH 43078",99.71570377673383,"{damage,shape,overhang,material,ponding,rust,pool,staining,wear,patching,debris}","{Undamaged,Gable,None,""Asphalt Shingle"",None,None,""No Swimming Pool"",None,No,None,None}",https://s3-us-west-2.amazonaws.com/prod-betterview/masked/static/131291/K0r8jykP4.jpeg,"[{'amount': {'saleamt': 0, 'saledisclosuretype': 0, 'saletranstype': 'Stand Alone Finance'}, 'calculation': {'priceperbed': 0, 'pricepersizeunit': 0}}]",null,null
131289,2019-01-04T05:23:37.763-08:00,636 N WEST STREET,CARLISLE,PA,17013,"636 N WEST STREET, CARLISLE, PA 17013",99.71570377673383,"{wear,patching,debris,staining,pool,rust,damage,ponding,material,material,overhang,shape,shape}","{No,None,None,None,""No Swimming Pool"",None,Undamaged,None,""Metal Panel"",""Asphalt Shingle"",None,Gable,Flat}",https://s3-us-west-2.amazonaws.com/prod-betterview/masked/static/131289/_3YoyR1Qn.jpeg,[],null,null
131295,2019-01-04T05:23:37.833-08:00,1450 LAURENS RD,GREENVILLE,SC,29607,"1450 LAURENS RD, GREENVILLE, SC 29607",99.71570377673383,"{shape,shape,overhang,material,ponding,damage,rust,pool,staining,wear,patching,debris}","{Flat,Gable,None,""Metal Panel"",None,Undamaged,None,""No Swimming Pool"",None,No,None,None}",https://s3-us-west-2.amazonaws.com/prod-betterview/masked/static/131295/b-v5IjGxg.jpeg,"[{'salesearchdate': '2018-3-15', 'saleTransDate': '2018-3-15', 'amount': {'saleamt': 0, 'salerecdate': '2018-9-26', 'saledisclosuretype': 0, 'saletranstype': 'Construction Loan/Financing'}, 'calculation': {'priceperbed': 0, 'pricepersizeunit': 0}}, {'salesearchdate': '2013-5-30', 'saleTransDate': '2013-5-30', 'amount': {'saleamt': 0, 'salerecdate': '2013-5-31', 'saledisclosuretype': 0, 'saletranstype': 'Stand Alone Finance'}, 'calculation': {'priceperbed': 0, 'pricepersizeunit': 0}}, {'salesearchdate': '2011-5-31', 'saleTransDate': '2011-5-31', 'amount': {'saleamt': 0, 'salerecdate': '2011-7-20', 'saledisclosuretype': 0, 'saledocnum': '5125/0442', 'saletranstype': 'Stand Alone Finance'}, 'calculation': {'priceperbed': 0, 'pricepersizeunit': 0}}, {'salesearchdate': '2011-5-31', 'saleTransDate': '2011-5-31', 'amount': {'saleamt': 0, 'salerecdate': '2011-7-20', 'saledisclosuretype': 0, 'saledocnum': '5125/0452', 'saletranstype': 'Stand Alone Finance'}, 'calculation': {'priceperbed': 0, 'pricepersizeunit': 0}}, {'salesearchdate': '2009-6-18', 'saleTransDate': '2009-6-18', 'amount': {'saleamt': 0, 'salerecdate': '2009-6-25', 'saledisclosuretype': 0, 'saledocnum': '5045/4989', 'saletranstype': 'Stand Alone Finance'}, 'calculation': {'priceperbed': 0, 'pricepersizeunit': 0}}, {'salesearchdate': '2007-9-10', 'saleTransDate': '2007-9-10', 'amount': {'saleamt': 0, 'saledisclosuretype': 0, 'saledocnum': '4852/1052', 'saletranstype': 'Stand Alone Finance'}, 'calculation': {'priceperbed': 0, 'pricepersizeunit': 0}}]",null,null
131290,2019-01-04T05:23:37.975-08:00,4538 W 8TH ST,CINCINNATI,OH,45238,"4538 W 8TH ST, CINCINNATI, OH 45238",62.97138683687675,"{debris,shape,overhang,material,ponding,damage,rust,pool,staining,wear,patching}","{None,Flat,None,""Roof Coating"",Moderate,Undamaged,None,""No Swimming Pool"",Minor,No,Moderate}",https://s3-us-west-2.amazonaws.com/prod-betterview/masked/static/131290/KNI7W4iVI.jpeg,[],null,null
131293,2019-01-04T05:23:38.283-08:00,415 N MAIN ST,WATER VALLEY,MS,38965,"415 N MAIN ST, WATER VALLEY, MS 38965",76.00382175969976,"{overhang,shape,shape,material,material,material,material,ponding,damage,rust,pool,staining,wear,patching,debris}","{None,Flat,Gable,""Asphalt Shingle"",Built-Up,PVC/TPO,""Roof Coating"",None,Undamaged,None,""No Swimming Pool"",None,No,Moderate,None}",https://s3-us-west-2.amazonaws.com/prod-betterview/masked/static/131293/039gZBLyo.jpeg,[],null,null
131298,2019-01-04T05:23:38.494-08:00,74 N MAIN ST,KEYSER,WV,26726,"74 N MAIN ST, KEYSER, WV 26726",99.71570377673383,"{shape,overhang,material,material,staining,pool,rust,damage,ponding,debris,patching,wear}","{Flat,None,""Asphalt Shingle"",""Metal Panel"",None,""No Swimming Pool"",None,Undamaged,None,None,None,No}",https://s3-us-west-2.amazonaws.com/prod-betterview/masked/static/131298/Awu9BJ46d.jpeg,[],null,null
131296,2019-01-04T05:23:38.589-08:00,401 FERREE ST,CORAOPOLIS,PA,15108,"401 FERREE ST, CORAOPOLIS, PA 15108",86.40389733548409,"{shape,shape,overhang,material,material,ponding,damage,rust,pool,staining,wear,patching,debris}","{Flat,Gable,None,""Asphalt Shingle"",PVC/TPO,Moderate,Undamaged,None,""No Swimming Pool"",None,No,None,None}",https://s3-us-west-2.amazonaws.com/prod-betterview/masked/static/131296/0oa5ZSDGX.jpeg,[],null,null
131297,2019-01-04T05:23:39.019-08:00,640 S COURT STREET,CIRCLEVILLE,OH,43113,"640 S COURT STREET, CIRCLEVILLE, OH 43113",99.71570377673383,"{shape,overhang,material,ponding,damage,rust,pool,staining,wear,patching,debris}","{Gable,None,""Asphalt Shingle"",None,Undamaged,None,""No Swimming Pool"",None,No,None,None}",https://s3-us-west-2.amazonaws.com/prod-betterview/masked/static/131297/DtgJOhAkw.jpeg,"[{'salesearchdate': '2006-12-22', 'saleTransDate': '2006-12-22', 'amount': {'saleamt': 0, 'saledisclosuretype': 0, 'saledocnum': '0000010398', 'saletranstype': 'Stand Alone Finance'}, 'calculation': {'priceperbed': 0, 'pricepersizeunit': 0}}]",null,null
131309,2019-01-04T05:23:39.382-08:00,21803 WEST U S HIGHWAY 60,OLIVE HILL,KY,41164,"21803 WEST U S HIGHWAY 60, OLIVE HILL, KY 41164",76.00382175969976,"{shape,shape,material,overhang,debris,patching,wear,staining,pool,rust,damage,ponding,material}","{Flat,Gable,""Asphalt Shingle"",None,None,Moderate,No,None,""No Swimming Pool"",None,Undamaged,None,""Metal Panel""}",https://s3-us-west-2.amazonaws.com/prod-betterview/masked/static/131309/372xAfeiU.jpeg,[],null,null
131310,2019-01-04T05:23:39.589-08:00,243 16TH AVE N,SOUTH SAINT PAUL,MN,55075,"243 16TH AVE N, SOUTH SAINT PAUL, MN 55075",92.86118294536405,"{shape,rust,pool,staining,wear,patching,debris,overhang,material,material,ponding,damage,shape}","{Hip,None,""No Swimming Pool"",None,No,None,None,Low,""Asphalt Shingle"",""Metal Panel"",None,Undamaged,Gable}",https://s3-us-west-2.amazonaws.com/prod-betterview/masked/static/131310/Dtv18SK0k.jpeg,[],null,null
131301,2019-01-04T05:23:39.769-08:00,2811 BRIGHTON ROAD,PITTSBURGH,PA,15212,"2811 BRIGHTON ROAD, PITTSBURGH, PA 15212",83.31836850866793,"{shape,overhang,material,ponding,damage,rust,pool,staining,wear,patching,debris}","{Flat,None,""Roof Coating"",Moderate,Undamaged,None,""No Swimming Pool"",Minor,No,None,None}",https://s3-us-west-2.amazonaws.com/prod-betterview/masked/static/131301/zteMyDbee.jpeg,[],null,null
131300,2019-01-04T05:23:39.825-08:00,2885-2887 UNITED CT,REYNOLDSBURG,OH,43068,"2885-2887 UNITED CT, REYNOLDSBURG, OH 43068",76.00382175969976,"{rust,ponding,debris,material,patching,shape,overhang,damage,wear,staining,pool}","{None,None,None,""Asphalt Shingle"",Moderate,Gable,None,Undamaged,No,None,""No Swimming Pool""}",https://s3-us-west-2.amazonaws.com/prod-betterview/masked/static/131300/x8CrbGNs8.jpeg,[],null,null
131302,2019-01-04T05:23:39.921-08:00,5 W MAIN ST,MADELIA,MN,56062,"5 W MAIN ST, MADELIA, MN 56062",99.71570377673383,"{overhang,shape,material,ponding,damage,rust,pool,staining,wear,patching,debris}","{None,Flat,""Metal Panel"",None,Undamaged,None,""No Swimming Pool"",None,No,None,None}",https://s3-us-west-2.amazonaws.com/prod-betterview/masked/static/131302/dhncbpCEE.jpeg,[],null,null
131304,2019-01-04T05:23:40.178-08:00,1516 AUGUSTA RD,WEST COLUMBIA,SC,29169,"1516 AUGUSTA RD, WEST COLUMBIA, SC 29169",99.71570377673383,"{shape,overhang,material,ponding,damage,rust,pool,staining,wear,patching,debris}","{Quonset,None,""Metal Panel"",None,Undamaged,None,""No Swimming Pool"",None,No,None,None}",https://s3-us-west-2.amazonaws.com/prod-betterview/masked/static/131304/_ru5M_ukU.jpeg,[],null,null
131315,2019-01-04T05:23:40.367-08:00,755 W 5TH AVE,OSHKOSH,WI,54902,"755 W 5TH AVE, OSHKOSH, WI 54902",99.71570377673383,"{shape,overhang,material,ponding,damage,rust,pool,staining,wear,patching,debris}","{Gable,None,""Asphalt Shingle"",None,Undamaged,None,""No Swimming Pool"",None,No,None,None}",https://s3-us-west-2.amazonaws.com/prod-betterview/masked/static/131315/hmW8nvR_j.jpeg,"[{'salesearchdate': '2015-11-13', 'saleTransDate': '2015-11-13', 'amount': {'saleamt': 0, 'salerecdate': '2015-11-16', 'saledisclosuretype': 0, 'saledocnum': '0001701682', 'saletranstype': 'Resale'}, 'calculation': {'priceperbed': 0, 'pricepersizeunit': 0}}]",null,null
131311,2019-01-04T05:23:40.683-08:00,123 CANYON ROAD,MORGANTOWN,WV,26508,"123 CANYON ROAD, MORGANTOWN, WV 26508",99.71570377673383,"{debris,wear,staining,pool,rust,damage,ponding,material,overhang,shape,shape,patching}","{None,No,None,""No Swimming Pool"",None,Undamaged,None,""Asphalt Shingle"",None,Gable,Flat,None}",https://s3-us-west-2.amazonaws.com/prod-betterview/masked/static/131311/bF8wljf5H.jpeg,"[{'salesearchdate': '2010-6-25', 'amount': {'saleamt': 0, 'salerecdate': '2010-6-25', 'saledisclosuretype': 0, 'saletranstype': 'Resale'}, 'calculation': {'priceperbed': 0, 'pricepersizeunit': 0}}]",null,null
131313,2019-01-04T05:23:40.933-08:00,231 W 7TH STREET,MICHIGAN CITY,IN,46360,"231 W 7TH STREET, MICHIGAN CITY, IN 46360",92.86118294536405,"{material,debris,patching,wear,staining,pool,rust,damage,ponding,overhang,shape}","{""Asphalt Shingle"",None,None,No,None,""No Swimming Pool"",None,Undamaged,None,Low,Gable}",https://s3-us-west-2.amazonaws.com/prod-betterview/masked/static/131313/-BQg9X4pu.jpeg,"[{'amount': {'saleamt': 0, 'saledisclosuretype': 2, 'saletranstype': 'Stand Alone Finance'}, 'calculation': {'priceperbed': 0, 'pricepersizeunit': 0}}]",null,null
131312,2019-01-04T05:23:41.201-08:00,1925 UNION AVE,ALTOONA,PA,16601,"1925 UNION AVE, ALTOONA, PA 16601",55.00417085602035,"{shape,overhang,material,ponding,damage,rust,pool,staining,wear,patching,debris}","{Flat,None,Ballasted,None,Undamaged,None,""No Swimming Pool"",Minor,Probable,Moderate,None}",https://s3-us-west-2.amazonaws.com/prod-betterview/masked/static/131312/rpXPpVC8N.jpeg,[],null,null
131317,2019-01-04T05:23:41.621-08:00,121 MONTGOMERY AVE.,ORELAND,PA,19075,"121 MONTGOMERY AVE., ORELAND, PA 19075",62.97138683687675,"{shape,debris,patching,wear,staining,pool,rust,damage,ponding,material,overhang}","{Flat,None,Moderate,No,Minor,""No Swimming Pool"",None,Undamaged,Moderate,""Roof Coating"",None}",https://s3-us-west-2.amazonaws.com/prod-betterview/masked/static/131317/wZwc4vU3i.jpeg,[],null,null
131316,2019-01-04T05:23:41.667-08:00,325 SO S SUMMIT,ARKANSAS CITY,KS,67005,"325 SO S SUMMIT, ARKANSAS CITY, KS 67005",99.71570377673383,"{debris,shape,overhang,material,ponding,damage,rust,pool,staining,wear,patching}","{None,Flat,None,""Roof Coating"",None,Undamaged,None,""No Swimming Pool"",None,No,None}",https://s3-us-west-2.amazonaws.com/prod-betterview/masked/static/131316/oFJ9m2XgZ.jpeg,[],null,null
131321,2019-01-04T05:23:41.799-08:00,413 PIONEER ST,FAYETTEVILLE,TN,37334,"413 PIONEER ST, FAYETTEVILLE, TN 37334",99.71570377673383,"{debris,shape,overhang,material,ponding,damage,rust,pool,staining,wear,patching}","{None,Gable,None,""Metal Panel"",None,Undamaged,None,""No Swimming Pool"",None,No,None}",https://s3-us-west-2.amazonaws.com/prod-betterview/masked/static/131321/AVjU6xpO_.jpeg,[],null,null
131327,2019-01-04T05:23:41.969-08:00,910 WOODBOURNE ROAD,LANGHORNE,PA,19047,"910 WOODBOURNE ROAD, LANGHORNE, PA 19047",73.23195019750001,"{patching,debris,shape,overhang,material,material,ponding,damage,rust,pool,staining,wear}","{None,None,Gable,None,""Asphalt Shingle"",""Metal Panel"",None,Undamaged,None,""No Swimming Pool"",Minor,Probable}",https://s3-us-west-2.amazonaws.com/prod-betterview/masked/static/131327/NoXvXdKl8.jpeg,"[{'salesearchdate': '2004-9-24', 'saleTransDate': '2004-9-24', 'amount': {'saleamt': 0, 'saledisclosuretype': 0, 'saledocnum': '0043161804', 'saletranstype': 'Stand Alone Finance'}, 'calculation': {'priceperbed': 0, 'pricepersizeunit': 0}}, {'amount': {'saleamt': 0, 'saledisclosuretype': 0, 'saledocnum': '0020152011', 'saletranstype': 'Stand Alone Finance'}, 'calculation': {'priceperbed': 0, 'pricepersizeunit': 0}}]",null,null
131324,2019-01-04T05:23:42.131-08:00,214 E STATE ST,ALGONA,IA,50511,"214 E STATE ST, ALGONA, IA 50511",96.23759797847491,"{shape,overhang,material,ponding,damage,rust,pool,staining,wear,patching,debris}","{Flat,None,PVC/TPO,None,Undamaged,None,""No Swimming Pool"",Minor,No,None,None}",https://s3-us-west-2.amazonaws.com/prod-betterview/masked/static/131324/7h5sOpKQJ.jpeg,[],null,null
131328,2019-01-04T05:23:42.146-08:00,2831 PELHAM PKWY,PELHAM,AL,35124,"2831 PELHAM PKWY, PELHAM, AL 35124",73.23195019750001,"{patching,shape,overhang,material,ponding,damage,rust,pool,staining,wear,debris}","{Moderate,Gable,None,""Metal Panel"",None,Undamaged,None,""No Swimming Pool"",Minor,No,None}",https://s3-us-west-2.amazonaws.com/prod-betterview/masked/static/131328/To4o43PkV.jpeg,[],null,null
131320,2019-01-04T05:23:42.259-08:00,4956 CINCINNATI BROOKVILLE RD,HAMILTON,OH,45013,"4956 CINCINNATI BROOKVILLE RD, HAMILTON, OH 45013",55.00417085602035,"{shape,overhang,material,ponding,damage,rust,pool,staining,wear,patching,debris}","{Flat,None,""Roof Coating"",None,Undamaged,None,""No Swimming Pool"",Minor,Probable,Moderate,None}",https://s3-us-west-2.amazonaws.com/prod-betterview/masked/static/131320/jfMShpGuk.jpeg,[],null,null
131326,2019-01-04T05:23:43.056-08:00,22 TOWNSHIP RD 150,DILLONVALE,OH,43917,"22 TOWNSHIP RD 150, DILLONVALE, OH 43917",99.71570377673383,"{wear,shape,overhang,material,ponding,damage,rust,pool,staining,patching,debris}","{No,Gable,None,""Asphalt Shingle"",None,Undamaged,None,""No Swimming Pool"",None,None,None}",https://s3-us-west-2.amazonaws.com/prod-betterview/masked/static/131326/03ztXmNgY.jpeg,[],null,null
131334,2019-01-04T05:23:43.100-08:00,2000 MENTOR AVENUE,PAINESVILLE,OH,44077,"2000 MENTOR AVENUE, PAINESVILLE, OH 44077",39.89544406767593,"{shape,patching,wear,debris,staining,pool,rust,damage,ponding,material,overhang}","{Flat,Moderate,Probable,None,Prevalent,""No Swimming Pool"",None,Undamaged,Moderate,""Roof Coating"",None}",https://s3-us-west-2.amazonaws.com/prod-betterview/masked/static/131334/zGFfnEkzn.jpeg,[],null,null
131339,2019-01-04T05:23:43.425-08:00,1470 CLARA AVE,COLUMBUS,OH,43211,"1470 CLARA AVE, COLUMBUS, OH 43211",92.86118294536405,"{patching,debris,shape,overhang,material,ponding,damage,rust,pool,staining,wear}","{None,None,Gable,Low,""Asphalt Shingle"",None,Undamaged,None,""No Swimming Pool"",None,No}",https://s3-us-west-2.amazonaws.com/prod-betterview/masked/static/131339/8N_DGgesb.jpeg,"[{'salesearchdate': '2011-6-28', 'saleTransDate': '2011-6-28', 'amount': {'saleamt': 0, 'saledisclosuretype': 0, 'saledocnum': '0000087530', 'saletranstype': 'Stand Alone Finance'}, 'calculation': {'priceperbed': 0, 'pricepersizeunit': 0}}]",null,null
131330,2019-01-04T05:23:43.472-08:00,226 NORTH MAIN STREET,ROSEVILLE,OH,43777,"226 NORTH MAIN STREET, ROSEVILLE, OH 43777",96.23759797847491,"{debris,shape,overhang,material,ponding,damage,rust,pool,staining,wear,patching}","{None,Gable,None,""Asphalt Shingle"",None,Undamaged,None,""No Swimming Pool"",Minor,No,None}",https://s3-us-west-2.amazonaws.com/prod-betterview/masked/static/131330/e85Dcciv7.jpeg,"[{'salesearchdate': '2011-5-2', 'saleTransDate': '2011-5-2', 'amount': {'saleamt': 100000, 'salerecdate': '2011-5-4', 'saledisclosuretype': 0, 'saletranstype': 'Resale'}, 'calculation': {'priceperbed': 0, 'pricepersizeunit': 0}}, {'salesearchdate': '2011-5-2', 'saleTransDate': '2011-5-2', 'amount': {'saleamt': 100000, 'salerecdate': '2011-5-4', 'saledisclosuretype': 0, 'saletranstype': 'Resale'}, 'calculation': {'priceperbed': 0, 'pricepersizeunit': 0}}]",null,null
131341,2019-01-04T05:23:44.284-08:00,147-149 N MAIN ST,SUFFOLK,VA,23434,"147-149 N MAIN ST, SUFFOLK, VA 23434",83.31836850866793,"{shape,overhang,material,ponding,damage,rust,pool,staining,wear,patching,debris}","{Flat,None,EPDM,Moderate,Undamaged,None,""No Swimming Pool"",Minor,No,None,None}",https://s3-us-west-2.amazonaws.com/prod-betterview/masked/static/131341/C8GT6Crk1.jpeg,[],null,null
131340,2019-01-04T05:23:44.557-08:00,185 N BELLS ST,ALAMO,TN,38001,"185 N BELLS ST, ALAMO, TN 38001",99.71570377673383,"{debris,shape,overhang,material,ponding,damage,rust,pool,staining,wear,patching}","{None,Gable,None,""Asphalt Shingle"",None,Undamaged,None,""No Swimming Pool"",None,No,None}",https://s3-us-west-2.amazonaws.com/prod-betterview/masked/static/131340/Nw741kg_y.jpeg,[],null,null
131333,2019-01-04T05:23:44.816-08:00,2000 E RTE 30,ROCK FALLS,IL,61071,"2000 E RTE 30, ROCK FALLS, IL 61071",99.71570377673383,"{shape,overhang,material,ponding,damage,rust,pool,staining,wear,patching,debris}","{Gable,None,""Metal Panel"",None,Undamaged,None,""No Swimming Pool"",None,No,None,None}",https://s3-us-west-2.amazonaws.com/prod-betterview/masked/static/131333/mjiG-UNxS.jpeg,"[{'salesearchdate': '2012-8-20', 'saleTransDate': '2012-8-20', 'amount': {'saleamt': 0, 'saledisclosuretype': 0, 'saledocnum': '0000005976', 'saletranstype': 'Stand Alone Finance'}, 'calculation': {'priceperbed': 0, 'pricepersizeunit': 0}}]",null,null
131342,2019-01-04T05:23:44.939-08:00,27 S MAIN ST,PEEBLES,OH,45660,"27 S MAIN ST, PEEBLES, OH 45660",89.58406610011673,"{pool,shape,overhang,material,ponding,damage,rust,staining,wear,patching,debris}","{""No Swimming Pool"",Gable,Low,""Asphalt Shingle"",None,Undamaged,None,Minor,No,None,None}",https://s3-us-west-2.amazonaws.com/prod-betterview/masked/static/131342/jx-U0CEdD.jpeg,"[{'salesearchdate': '2008-3-14', 'saleTransDate': '2008-3-14', 'amount': {'saleamt': 85000, 'salerecdate': '2008-3-17', 'saledisclosuretype': 0, 'saletranstype': 'Resale'}, 'calculation': {'priceperbed': 0, 'pricepersizeunit': 0}}]",null,null
131352,2019-01-04T05:23:45.614-08:00,121 S LOCUST ST,OAK HARBOR,OH,43449,"121 S LOCUST ST, OAK HARBOR, OH 43449",99.71570377673383,"{damage,pool,shape,overhang,material,ponding,rust,debris,patching,wear,staining}","{Undamaged,""No Swimming Pool"",Quonset,None,""Metal Panel"",None,None,None,None,No,None}",https://s3-us-west-2.amazonaws.com/prod-betterview/masked/static/131352/ZwB-ZC2CL.jpeg,"[{'salesearchdate': '2018-1-10', 'saleTransDate': '2018-1-10', 'amount': {'saleamt': 0, 'salerecdate': '2018-1-17', 'saledisclosuretype': 0, 'saledocnum': '0000273488', 'saletranstype': 'Nominal - Non/Arms Length Sale'}, 'calculation': {'priceperbed': 0, 'pricepersizeunit': 0}}]",null,null
131356,2019-01-04T05:23:46.115-08:00,1730 FRANKFORT AVENUE,LOUISVILLE,KY,40206,"1730 FRANKFORT AVENUE, LOUISVILLE, KY 40206",92.86118294536405,"{ponding,shape,overhang,material,damage,rust,pool,staining,wear,patching,debris}","{None,Gable,Low,""Asphalt Shingle"",Undamaged,None,""No Swimming Pool"",None,No,None,None}",https://s3-us-west-2.amazonaws.com/prod-betterview/masked/static/131356/VNAoxkU2E.jpeg,"[{'salesearchdate': '2016-11-22', 'saleTransDate': '2016-11-22', 'amount': {'saleamt': 0, 'saledisclosuretype': 0, 'saledocnum': '0148470681', 'saletranstype': 'Stand Alone Finance'}, 'calculation': {'priceperbed': 0, 'pricepersizeunit': 0}}, {'salesearchdate': '2016-6-3', 'saleTransDate': '2016-6-3', 'amount': {'saleamt': 0, 'salerecdate': '2016-6-13', 'saledisclosuretype': 0, 'saledocnum': '0145840552', 'saletranstype': 'Construction Loan/Financing'}, 'calculation': {'priceperbed': 0, 'pricepersizeunit': 0}}, {'salesearchdate': '2015-12-23', 'saleTransDate': '2015-12-23', 'amount': {'saleamt': 0, 'salerecdate': '2015-12-28', 'saledisclosuretype': 0, 'saledocnum': '0143730849', 'saletranstype': 'Construction Loan/Financing'}, 'calculation': {'priceperbed': 0, 'pricepersizeunit': 0}}]",null,null
131348,2019-01-04T05:23:46.192-08:00,404 RIVER FALLS ST,ANDALUSIA,AL,36420,"404 RIVER FALLS ST, ANDALUSIA, AL 36420",76.00382175969976,"{pool,rust,damage,ponding,material,overhang,shape,debris,patching,wear,staining}","{""No Swimming Pool"",None,Undamaged,None,""Metal Panel"",None,Gable,None,Moderate,No,None}",https://s3-us-west-2.amazonaws.com/prod-betterview/masked/static/131348/u6uy5SKQd.jpeg,[],null,null
131350,2019-01-04T05:23:46.277-08:00,9222 STAGECOACH RD,LITTLE ROCK,AR,72210,"9222 STAGECOACH RD, LITTLE ROCK, AR 72210",92.86118294536405,"{pool,rust,damage,ponding,material,overhang,shape,patching,wear,staining,debris}","{""No Swimming Pool"",None,Undamaged,None,""Metal Panel"",Low,Gable,None,No,None,None}",https://s3-us-west-2.amazonaws.com/prod-betterview/masked/static/131350/4WkrKiZMI.jpeg,"[{'salesearchdate': '2018-7-30', 'saleTransDate': '2018-7-30', 'amount': {'saleamt': 400000, 'salecode': 'Estimated Sale Price', 'salerecdate': '2018-8-2', 'saledisclosuretype': 0, 'saledocnum': '0000048511', 'saletranstype': 'Resale'}, 'calculation': {'priceperbed': 0, 'pricepersizeunit': 126}}, {'salesearchdate': '2017-8-18', 'saleTransDate': '2017-8-18', 'amount': {'saleamt': 0, 'salecode': 'Estimated Sale Price', 'saledisclosuretype': 0, 'saledocnum': '0000054449', 'saletranstype': 'Stand Alone Finance'}, 'calculation': {'priceperbed': 0, 'pricepersizeunit': 0}}, {'salesearchdate': '2017-2-15', 'saleTransDate': '2017-2-15', 'amount': {'saleamt': 0, 'salecode': 'Estimated Sale Price', 'saledisclosuretype': 0, 'saledocnum': '0000014867', 'saletranstype': 'Stand Alone Finance'}, 'calculation': {'priceperbed': 0, 'pricepersizeunit': 0}}, {'salesearchdate': '2014-6-5', 'saleTransDate': '2014-6-5', 'amount': {'saleamt': 0, 'salecode': 'Estimated Sale Price', 'saledisclosuretype': 0, 'saledocnum': '0000033933', 'saletranstype': 'Stand Alone Finance'}, 'calculation': {'priceperbed': 0, 'pricepersizeunit': 0}}, {'salesearchdate': '2011-5-23', 'saleTransDate': '2011-5-23', 'amount': {'saleamt': 0, 'salecode': 'Estimated Sale Price', 'saledisclosuretype': 0, 'saledocnum': '0000031665', 'saletranstype': 'Stand Alone Finance'}, 'calculation': {'priceperbed': 0, 'pricepersizeunit': 0}}, {'salesearchdate': '2008-4-23', 'saleTransDate': '2008-4-23', 'amount': {'saleamt': 0, 'salecode': 'Estimated Sale Price', 'saledisclosuretype': 0, 'saledocnum': '0000030040', 'saletranstype': 'Stand Alone Finance'}, 'calculation': {'priceperbed': 0, 'pricepersizeunit': 0}}, {'salesearchdate': '2007-7-10', 'saleTransDate': '2007-7-10', 'amount': {'saleamt': 0, 'salecode': 'Estimated Sale Price', 'salerecdate': '2007-7-30', 'saledisclosuretype': 0, 'saledocnum': '0000059033', 'saletranstype': 'Construction Loan/Financing'}, 'calculation': {'priceperbed': 0, 'pricepersizeunit': 0}}, {'salesearchdate': '2006-7-10', 'saleTransDate': '2006-7-10', 'amount': {'saleamt': 0, 'salecode': 'Estimated Sale Price', 'saledisclosuretype': 0, 'saledocnum': '0000060165', 'saletranstype': 'Stand Alone Finance'}, 'calculation': {'priceperbed': 0, 'pricepersizeunit': 0}}, {'salesearchdate': '2006-4-24', 'saleTransDate': '2006-4-24', 'amount': {'saleamt': 60000, 'salecode': 'Estimated Sale Price', 'salerecdate': '2006-4-27', 'saledisclosuretype': 0, 'saledocnum': '0000031900', 'saletranstype': 'New Construction'}, 'calculation': {'priceperbed': 0, 'pricepersizeunit': 19}}]",null,null
131351,2019-01-04T05:23:46.307-08:00,30009 LAKESHORE BLVD,WILLOWICK,OH,44095,"30009 LAKESHORE BLVD, WILLOWICK, OH 44095",92.86118294536405,"{shape,overhang,material,ponding,damage,rust,pool,staining,wear,patching,debris}","{Gable,Low,""Asphalt Shingle"",None,Undamaged,None,""No Swimming Pool"",None,No,None,None}",https://s3-us-west-2.amazonaws.com/prod-betterview/masked/static/131351/qvmoUkAuH.jpeg,[],null,null
131366,2019-01-04T05:23:47.252-08:00,2325 S IRBY ST,FLORENCE,SC,29505,"2325 S IRBY ST, FLORENCE, SC 29505",99.71570377673383,"{shape,overhang,material,ponding,damage,rust,pool,staining,wear,patching,debris}","{Flat,None,EPDM,None,Undamaged,None,""No Swimming Pool"",None,No,None,None}",https://s3-us-west-2.amazonaws.com/prod-betterview/masked/static/131366/895rnSQB4.jpeg,[],null,null
131353,2019-01-04T05:23:47.276-08:00,107 - 109 NORTH 3RD STREET,MURRAY,KY,42071,"107 - 109 NORTH 3RD STREET, MURRAY, KY 42071",55.00417085602035,"{damage,rust,pool,staining,wear,patching,debris,shape,overhang,material,material,ponding}","{Undamaged,None,""No Swimming Pool"",Minor,Probable,Moderate,None,Flat,None,EPDM,""Roof Coating"",None}",https://s3-us-west-2.amazonaws.com/prod-betterview/masked/static/131353/ApRGck5Zf.jpeg,[],null,null
131365,2019-01-04T05:23:47.302-08:00,5 1/2 GRANT STREET,TAUNTON,MA,02780,"5 1/2 GRANT STREET, TAUNTON, MA 02780",10.512376233649682,"{overhang,material,ponding,damage,pool,staining,rust,patching,wear,debris,shape,shape}","{Low,""Asphalt Shingle"",None,Damaged,""No Swimming Pool"",None,None,Moderate,No,None,Flat,Gable}",https://s3-us-west-2.amazonaws.com/prod-betterview/masked/static/131365/-cYvKXL38.jpeg,[],null,null
131367,2019-01-04T05:23:47.417-08:00,300 S HERSHEY RD,HARRISBURG,PA,17112,"300 S HERSHEY RD, HARRISBURG, PA 17112",55.00417085602035,"{rust,damage,ponding,material,material,overhang,shape,shape,debris,patching,wear,staining,pool}","{None,Undamaged,None,""Metal Panel"",""Asphalt Shingle"",None,Gable,Flat,None,Moderate,Probable,Minor,""No Swimming Pool""}",https://s3-us-west-2.amazonaws.com/prod-betterview/masked/static/131367/0tXLq2BSm.jpeg,"[{'salesearchdate': '2017-2-9', 'saleTransDate': '2017-2-9', 'amount': {'saleamt': 0, 'saledisclosuretype': 0, 'saledocnum': '0000004633', 'saletranstype': 'Stand Alone Finance'}, 'calculation': {'priceperbed': 0, 'pricepersizeunit': 0}}]",null,null
131361,2019-01-04T05:23:47.679-08:00,451 COLDSPRING RD,FAYETTEVILLE,PA,17222,"451 COLDSPRING RD, FAYETTEVILLE, PA 17222",89.58406610011673,"{shape,overhang,material,ponding,damage,rust,pool,staining,wear,patching,debris}","{""Partial Hip"",Low,""Asphalt Shingle"",None,Undamaged,None,""No Swimming Pool"",Minor,No,None,None}",https://s3-us-west-2.amazonaws.com/prod-betterview/masked/static/131361/CpXqZaVo0.jpeg,"[{'salesearchdate': '2015-1-23', 'saleTransDate': '2015-1-23', 'amount': {'saleamt': 181000, 'salecode': 'Estimated Sale Price', 'salerecdate': '2015-2-3', 'saledisclosuretype': 0, 'saledocnum': '0000001917', 'saletranstype': 'Resale'}, 'calculation': {'priceperbed': 0, 'pricepersizeunit': 147}}]",null,null
131362,2019-01-04T05:23:48.181-08:00,1409 SOLDIERS HOME-WEST,Dayton,OH,45417,"1409 SOLDIERS HOME-WEST, Dayton, OH 45417",7.4490596928,"{ponding,damage,rust,pool,staining,wear,patching,debris,material,shape,overhang}","{None,Damaged,None,""No Swimming Pool"",Minor,Probable,Moderate,None,""Asphalt Shingle"",Gable,None}",https://s3-us-west-2.amazonaws.com/prod-betterview/masked/static/131362/P8oIq15rs.jpeg,[],null,null
131369,2019-01-04T05:23:48.211-08:00,221 MARKET ST,PORTSMOUTH,OH,45662,"221 MARKET ST, PORTSMOUTH, OH 45662",89.58406610011673,"{shape,overhang,material,ponding,damage,rust,pool,staining,wear,patching,debris}","{Flat,Low,Ballasted,None,Undamaged,None,""No Swimming Pool"",Minor,No,None,None}",https://s3-us-west-2.amazonaws.com/prod-betterview/masked/static/131369/aexatTFq0.jpeg,"[{'salesearchdate': '2012-10-29', 'saleTransDate': '2012-10-29', 'amount': {'saleamt': 0, 'salerecdate': '2012-11-21', 'saledisclosuretype': 0, 'saletranstype': 'Resale'}, 'calculation': {'priceperbed': 0, 'pricepersizeunit': 0}}, {'salesearchdate': '2009-9-17', 'saleTransDate': '2009-9-17', 'amount': {'saleamt': 0, 'salerecdate': '2009-9-23', 'saledisclosuretype': 0, 'saletranstype': 'Resale'}, 'calculation': {'priceperbed': 0, 'pricepersizeunit': 0}}, {'salesearchdate': '2009-9-17', 'saleTransDate': '2009-9-17', 'amount': {'saleamt': 0, 'salerecdate': '2009-9-23', 'saledisclosuretype': 0, 'saledocnum': '2009R6828', 'saletranstype': 'Resale'}, 'calculation': {'priceperbed': 0, 'pricepersizeunit': 0}}]",null,null
131368,2019-01-04T05:23:48.579-08:00,409 WASHINGTON AVE,GREENVILLE,MS,38701,"409 WASHINGTON AVE, GREENVILLE, MS 38701",92.86118294536405,"{shape,overhang,material,ponding,damage,rust,staining,wear,patching,debris,pool}","{Flat,Low,Built-Up,None,Undamaged,None,None,No,None,None,""No Swimming Pool""}",https://s3-us-west-2.amazonaws.com/prod-betterview/masked/static/131368/P9gUrL-Uc.jpeg,[],null,null
131379,2019-01-04T05:23:48.910-08:00,3501 HARVARD AVE,NEWBURGH HEIGHTS,OH,44105,"3501 HARVARD AVE, NEWBURGH HEIGHTS, OH 44105",62.97138683687675,"{patching,shape,overhang,material,ponding,damage,rust,pool,staining,wear,debris}","{Moderate,Flat,None,Built-Up,Moderate,Undamaged,None,""No Swimming Pool"",Minor,No,None}",https://s3-us-west-2.amazonaws.com/prod-betterview/masked/static/131379/OhXRKY0Si.jpeg,[],null,null
131378,2019-01-04T05:23:48.995-08:00,7831 W SYLVANIA AVE,SYLVANIA,OH,43560,"7831 W SYLVANIA AVE, SYLVANIA, OH 43560",46.01113579133988,"{debris,shape,overhang,material,material,ponding,damage,rust,pool,staining,wear,patching}","{None,Gable,Low,""Asphalt Shingle"",""Metal Panel"",None,Undamaged,Moderate,""No Swimming Pool"",Minor,No,Moderate}",https://s3-us-west-2.amazonaws.com/prod-betterview/masked/static/131378/QDLwc_bse.jpeg,[],null,null
131375,2019-01-04T05:23:49.455-08:00,2893-2895 UNITED COURT,REYNOLDSBURG,OH,43068,"2893-2895 UNITED COURT, REYNOLDSBURG, OH 43068",96.23759797847491,"{damage,debris,patching,wear,staining,pool,rust,ponding,shape,overhang,material}","{Undamaged,None,None,No,Minor,""No Swimming Pool"",None,None,Gable,None,""Asphalt Shingle""}",https://s3-us-west-2.amazonaws.com/prod-betterview/masked/static/131375/hkv0rpocE.jpeg,[],null,null
131374,2019-01-04T05:23:49.766-08:00,1640 MAIN ST,DICKSON CITY,PA,18447,"1640 MAIN ST, DICKSON CITY, PA 18447",96.23759797847491,"{staining,pool,rust,damage,ponding,material,overhang,shape,debris,patching,wear}","{Minor,""No Swimming Pool"",None,Undamaged,None,EPDM,None,Flat,None,None,No}",https://s3-us-west-2.amazonaws.com/prod-betterview/masked/static/131374/Tuc5Xebwi.jpeg,[],null,null
131383,2019-01-04T05:23:50.240-08:00,1124 MINOR LN,LOUISVILLE,KY,40219,"1124 MINOR LN, LOUISVILLE, KY 40219",96.23759797847491,"{shape,debris,patching,wear,staining,pool,rust,damage,ponding,material,overhang}","{Gable,None,None,No,Minor,""No Swimming Pool"",None,Undamaged,None,""Asphalt Shingle"",None}",https://s3-us-west-2.amazonaws.com/prod-betterview/masked/static/131383/apjna0KAB.jpeg,"[{'salesearchdate': '2017-4-28', 'saleTransDate': '2017-4-28', 'amount': {'saleamt': 122000, 'salerecdate': '2017-5-3', 'saledisclosuretype': 0, 'saletranstype': 'Resale'}, 'calculation': {'priceperbed': 0, 'pricepersizeunit': 0}}, {'salesearchdate': '2012-12-27', 'saleTransDate': '2012-12-27', 'amount': {'saleamt': 0, 'saledisclosuretype': 0, 'saledocnum': '0131820726', 'saletranstype': 'Stand Alone Finance'}, 'calculation': {'priceperbed': 0, 'pricepersizeunit': 0}}]",null,null
131385,2019-01-04T05:23:50.551-08:00,4946-A REIDLAND ROAD,PADUCAH,KY,42003,"4946-A REIDLAND ROAD, PADUCAH, KY 42003",73.23195019750001,"{shape,overhang,material,material,ponding,damage,rust,pool,staining,wear,patching,debris}","{Gable,None,""Asphalt Shingle"",""Metal Panel"",None,Undamaged,None,""Swimming Pool"",Minor,No,Moderate,None}",https://s3-us-west-2.amazonaws.com/prod-betterview/masked/static/131385/gnU_J-qgx.jpeg,[],null,null
131387,2019-01-04T05:23:51.137-08:00,434-436 E MAIN ST,BOWLING GREEN,KY,42102,"434-436 E MAIN ST, BOWLING GREEN, KY 42102",99.71570377673383,"{pool,shape,overhang,material,ponding,damage,rust,staining,wear,patching,debris}","{""No Swimming Pool"",Flat,None,EPDM,None,Undamaged,None,None,No,None,None}",https://s3-us-west-2.amazonaws.com/prod-betterview/masked/static/131387/t-MdDsGYw.jpeg,[],null,null
131390,2019-01-04T05:23:51.271-08:00,7140 HWY 59 W,BURLISON,TN,38015,"7140 HWY 59 W, BURLISON, TN 38015",34.47270872518533,"{rust,pool,staining,wear,shape,patching,overhang,material,debris,ponding,damage}","{Major,""No Swimming Pool"",Minor,No,Flat,Moderate,None,""Metal Panel"",None,None,Undamaged}",https://s3-us-west-2.amazonaws.com/prod-betterview/masked/static/131390/w0oHJJeev.jpeg,"[{'salesearchdate': '2017-1-31', 'saleTransDate': '2017-1-31', 'amount': {'saleamt': 0, 'saledisclosuretype': 0, 'saledocnum': '17111117', 'saletranstype': 'Stand Alone Finance'}, 'calculation': {'priceperbed': 0, 'pricepersizeunit': 0}}, {'salesearchdate': '2016-12-30', 'saleTransDate': '2016-12-30', 'amount': {'saleamt': 0, 'saledisclosuretype': 0, 'saledocnum': '1709688', 'saletranstype': 'Stand Alone Finance'}, 'calculation': {'priceperbed': 0, 'pricepersizeunit': 0}}, {'salesearchdate': '2012-1-18', 'saleTransDate': '2012-1-18', 'amount': {'saleamt': 300000, 'salerecdate': '2012-1-19', 'saledisclosuretype': 0, 'saledocnum': '1538687', 'saletranstype': 'Resale'}, 'calculation': {'priceperbed': 0, 'pricepersizeunit': 76}}, {'salesearchdate': '2008-8-27', 'saleTransDate': '2008-8-27', 'amount': {'saleamt': 0, 'saledisclosuretype': 0, 'saledocnum': '1411161', 'saletranstype': 'Stand Alone Finance'}, 'calculation': {'priceperbed': 0, 'pricepersizeunit': 0}}, {'salesearchdate': '2006-11-8', 'saleTransDate': '2006-11-8', 'amount': {'saleamt': 150000, 'salerecdate': '2006-11-13', 'saledisclosuretype': 0, 'saledocnum': '13105', 'saletranstype': 'Resale'}, 'calculation': {'priceperbed': 0, 'pricepersizeunit': 38}}, {'salesearchdate': '2006-3-24', 'saleTransDate': '2006-3-24', 'amount': {'saleamt': 138735, 'salerecdate': '2006-3-24', 'saledisclosuretype': 0, 'saledocnum': '1265898', 'saletranstype': 'REO (Transfer to Lender)'}, 'calculation': {'priceperbed': 0, 'pricepersizeunit': 35}}, {'salesearchdate': '2005-4-4', 'saleTransDate': '2005-4-4', 'amount': {'saleamt': 0, 'salerecdate': '2005-7-12', 'saledisclosuretype': 0, 'saledocnum': '1216119', 'saletranstype': 'Nominal - Non/Arms Length Sale'}, 'calculation': {'priceperbed': 0, 'pricepersizeunit': 0}}]",null,null
131391,2019-01-04T05:23:51.310-08:00,704 N 6TH ST,IRONTON,OH,45638,"704 N 6TH ST, IRONTON, OH 45638",92.86118294536405,"{shape,debris,patching,wear,overhang,shape,staining,pool,rust,damage,ponding,material}","{Flat,Moderate,None,No,None,Gable,None,""No Swimming Pool"",None,Undamaged,None,Built-Up}",https://s3-us-west-2.amazonaws.com/prod-betterview/masked/static/131391/4pm5B7q3k.jpeg,[],null,null
131395,2019-01-04T05:23:52.121-08:00,2210 ALLEN DRIVE,SALISBURY,MD,21802,"2210 ALLEN DRIVE, SALISBURY, MD 21802",76.00382175969976,"{rust,pool,staining,shape,patching,debris,wear,material,overhang,ponding,damage}","{None,""No Swimming Pool"",None,Flat,Moderate,None,No,EPDM,None,None,Undamaged}",https://s3-us-west-2.amazonaws.com/prod-betterview/masked/static/131395/XssmKEOlO.jpeg,"[{'salesearchdate': '2010-1-4', 'saleTransDate': '2010-1-4', 'amount': {'saleamt': 0, 'saledisclosuretype': 0, 'saledocnum': '0031520139', 'saletranstype': 'Stand Alone Finance'}, 'calculation': {'priceperbed': 0, 'pricepersizeunit': 0}}, {'salesearchdate': '2009-2-12', 'saleTransDate': '2009-2-12', 'amount': {'saleamt': 0, 'salerecdate': '2009-2-17', 'saledisclosuretype': 0, 'saledocnum': '0030050300', 'saletranstype': 'Resale'}, 'calculation': {'priceperbed': 0, 'pricepersizeunit': 0}}]",null,null
131397,2019-01-04T05:23:52.420-08:00,333 CENTREVILLE AVE,BELLEVILLE,IL,62220,"333 CENTREVILLE AVE, BELLEVILLE, IL 62220",99.71570377673383,"{shape,overhang,material,material,ponding,damage,rust,pool,staining,wear,patching,debris}","{Gable,None,""Asphalt Shingle"",EPDM,None,Undamaged,None,""No Swimming Pool"",None,No,None,None}",https://s3-us-west-2.amazonaws.com/prod-betterview/masked/static/131397/ASWwyztXu.jpeg,[],null,null
131398,2019-01-04T05:23:52.429-08:00,610 N ILLINOIS STREET,CARBONDALE,IL,62901,"610 N ILLINOIS STREET, CARBONDALE, IL 62901",83.31836850866793,"{staining,patching,overhang,shape,wear,pool,rust,damage,ponding,material,debris}","{Minor,None,None,Flat,No,""No Swimming Pool"",None,Undamaged,Moderate,EPDM,None}",https://s3-us-west-2.amazonaws.com/prod-betterview/masked/static/131398/Dj-qgcs6g.jpeg,[],null,null
131405,2019-01-04T05:23:52.434-08:00,2660 SETTER CT NW,LANCASTER,OH,43130,"2660 SETTER CT NW, LANCASTER, OH 43130",55.00417085602035,"{ponding,material,material,overhang,shape,debris,patching,wear,staining,pool,rust,damage}","{None,""Roof Coating"",""Asphalt Shingle"",None,Flat,None,Moderate,Probable,Minor,""No Swimming Pool"",None,Undamaged}",https://s3-us-west-2.amazonaws.com/prod-betterview/masked/static/131405/MqTvZfaLZ.jpeg,"[{'salesearchdate': '2015-6-26', 'saleTransDate': '2015-6-26', 'amount': {'saleamt': 105000, 'salerecdate': '2015-6-29', 'saledisclosuretype': 0, 'saledocnum': '0000010921', 'saletranstype': 'Resale'}, 'calculation': {'priceperbed': 0, 'pricepersizeunit': 21}}, {'salesearchdate': '2005-2-25', 'saleTransDate': '2005-2-25', 'amount': {'saleamt': 0, 'saledisclosuretype': 0, 'saledocnum': '0000005712', 'saletranstype': 'Stand Alone Finance'}, 'calculation': {'priceperbed': 0, 'pricepersizeunit': 0}}, {'salesearchdate': '2005-2-25', 'saleTransDate': '2005-2-25', 'amount': {'saleamt': 0, 'saledisclosuretype': 0, 'saledocnum': '0000007436', 'saletranstype': 'Stand Alone Finance'}, 'calculation': {'priceperbed': 0, 'pricepersizeunit': 0}}]",null,null
131400,2019-01-04T05:23:53.295-08:00,3535 SULLIVANT AVE,COLUMBUS,OH,43228,"3535 SULLIVANT AVE, COLUMBUS, OH 43228",16.825524613657805,"{shape,overhang,material,material,ponding,damage,rust,pool,staining,wear,patching,debris}","{Flat,None,Built-Up,EPDM,None,Damaged,None,""No Swimming Pool"",None,No,None,None}",https://s3-us-west-2.amazonaws.com/prod-betterview/masked/static/131400/zpGV11mUa.jpeg,"[{'salesearchdate': '2011-6-10', 'saleTransDate': '2011-6-10', 'amount': {'saleamt': 0, 'salerecdate': '2011-6-14', 'saledisclosuretype': 0, 'saledocnum': '0000074303', 'saletranstype': 'Nominal - Non/Arms Length Sale'}, 'calculation': {'priceperbed': 0, 'pricepersizeunit': 0}}]",null,null
131404,2019-01-04T05:23:53.297-08:00,8109 CAMARGO RD,CINCINNATI,OH,45243,"8109 CAMARGO RD, CINCINNATI, OH 45243",99.71570377673383,"{ponding,material,overhang,material,shape,debris,patching,wear,staining,pool,rust,damage}","{None,PVC/TPO,None,EPDM,Flat,None,None,No,None,""No Swimming Pool"",None,Undamaged}",https://s3-us-west-2.amazonaws.com/prod-betterview/masked/static/131404/FPbO_cf9k.jpeg,"[{'salesearchdate': '2016-12-30', 'saleTransDate': '2016-12-30', 'amount': {'saleamt': 0, 'saledisclosuretype': 0, 'saledocnum': '0000000761', 'saletranstype': 'Stand Alone Finance'}, 'calculation': {'priceperbed': 0, 'pricepersizeunit': 0}}, {'salesearchdate': '2007-7-27', 'saleTransDate': '2007-7-27', 'amount': {'saleamt': 0, 'saledisclosuretype': 0, 'saledocnum': '0000117924', 'saletranstype': 'Stand Alone Finance'}, 'calculation': {'priceperbed': 0, 'pricepersizeunit': 0}}, {'salesearchdate': '2007-7-27', 'saleTransDate': '2007-7-27', 'amount': {'saleamt': 0, 'saledisclosuretype': 0, 'saledocnum': '0000117927', 'saletranstype': 'Stand Alone Finance'}, 'calculation': {'priceperbed': 0, 'pricepersizeunit': 0}}]",null,null
131407,2019-01-04T05:23:53.301-08:00,601 E LOCKWOOD AVE,WEBSTER GROVES,MO,63119,"601 E LOCKWOOD AVE, WEBSTER GROVES, MO 63119",48.861224116813325,"{staining,shape,overhang,material,ponding,damage,rust,pool,wear,patching,debris}","{None,Flat,None,""Roof Coating"",Major,Undamaged,None,""No Swimming Pool"",No,None,None}",https://s3-us-west-2.amazonaws.com/prod-betterview/masked/static/131407/pshzDAyb6.jpeg,[],null,null
